{
  "Play": {
    "summary": "We are the Net Zero Adequacy Modelling team - NZAM for short.  We are exploring ways in which we can ensure that supply meets demand through the 2030s, whilst also achieving our 2035 net zero target.  Please join us for this simple game, which highlights some of our key challenges and considerations.",
    "nodes": {
      "initial": {
        "line": "",
        "image": "",
        "choices": [
          {
            "line": "",
            "goto": ""
          },
          {
            "line": "",
            "goto": ""
            
          }
        ]
      },
    "Demand": {
        "story": "It's the year 2030. Here is a (pretend) demand curve for a winter week. This week starts on Monday and ends on Sunday where the demand for the weekend is slighty reduced.",
        "image": "/images/Demand.png",
        "choices": [
          {
            "line": "Next",
            "goto": "Expect"
          }
        ]
      },
      "Expect": {
        "story": "Without further investment in supply, we might not be able to meet demand at all times. This can be seen here in the expected generation and imports below (which are also pretend).  Select a technology to try to reduce this capacity gap.",
        "image": "/images/Demand+Expected.png",
        "choices": [
          {
            "line": "Add renewables (RE)",
            "goto": "RE"
          },
          {
            "line": "Add nuclear",
            "goto": "Nuclear"
          },
          {
            "line": "Add gas CCS",
            "goto": "Gas CCS"
          },
          {
            "line": "Go back",
            "goto": "Demand"
          }
        ]
      },
      "RE": {
        "story": "Amazing! This reduced the capacity gap by quite a bit, although not completely. Also due to ever-changing wind and solar conditions, this type of generation is not consistent. We will probably need more generation. Select another technology.",
        "image": "/images/RE.png",
        "choices": [
          {
            "line": "Add nuclear",
            "goto": "Nuclear+RE"
          },
          {
            "line": "Add gas CCS",
            "goto": "Gas+RE"
          },
          {
            "line": "Go back",
            "goto": "Expect"
          }
        ]
      },
      "Nuclear": {
        "story": "Nuclear provides a good constant supply of power. That's really useful for reducing year-long capacity gaps. We will probably need some more generation, however, that can respond quickly to fluctuating demand. Select another technology.",
        "image": "/images/Nuclear.png",
        "choices": [
          {
            "line": "Add RE",
            "goto": "Nuclear+RE"
          },
          {
            "line": "Add gas CCS",
            "goto": "Gas+Nuclear"
          },
          {
            "line": "Go back",
            "goto": "Expect"
          }
        ]
      },
      "Gas CCS": {
        "story": "Gas CCS provides dispatchable generation for when we need it and can do a good job at starting to fill that capacity gap. However, to run it continuously can be expensive. Select another technology and see what happens!",
        "image": "/images/Gas CCS.png",
        "choices": [
          {
            "line": "Add RE",
            "goto": "Gas+RE"
          },
          {
            "line": "Add nuclear",
            "goto": "Gas+Nuclear"
          },
          {
            "line": "Go back",
            "goto": "Expect"
          }
        ]
      },
      "Nuclear+RE": {
        "story": "Good combo but times of high demand might not always be filled by renewables due to varying weather conditions. Add gas CCS to see if this can help.",
        "image": "/images/Nuclear+RE.png",
        "choices": [
          {
            "line": "Add gas CCS",
            "goto": "All Options"
          },
          {
            "line": "Remove added technologies",
            "goto": "Expect"
          }
        ]
      },
      "Gas+RE": {
        "story": "Gas CCS and renewables looks like it does a really good job, although it looks like gas CCS is running a lot which could be expensive. Select nuclear and see how it can help.",
        "image": "/images/RE+GasCCS.png",
        "choices": [
          {
            "line": "Add nuclear",
            "goto": "All Options"
          },
          {
            "line": "Remove added technologies",
            "goto": "Expect"
          }
        ]
      },
      "Gas+Nuclear": {
        "story": "This is a good combo but we need to utilise renewables where we can, as they are cheap to run and have zero carbon emissions. Add renewables to see how the situation changes.",
        "image": "/images/Nuclear+GasCCS.png",
        "choices": [
          {
            "line": "Add RE",
            "goto": "All Options"
          },
          {
            "line": "Remove added technologies",
            "goto": "Expect"
          }
        ]
      },
      "All Options": {
        "story": "This is great! Our generation meets demand! However, our future system will be very dependent on the weather and there might be times when the weather is especially challenging. How will the system cope during these times and how should we prepare for them? Select a scenario and explore some possible challenging events.",
        "image": "/images/All Options.png",
        "choices": [
          {
            "line": "A cold winter morning",
            "goto": "MHD"
          },
          {
            "line": "GB wind drought",
            "goto": "WD"
          },
          {
            "line": "Europe-wide wind drought",
            "goto": "EUWD"
          },
          {
            "line": "Remove all technologies",
            "goto": "Expect"
          }
        ]
      },
      "MHD": {
        "story": "Demand has increased significantly during Friday morning. We could use reserves of energy to help during this time. Which one should we use? Select an energy store.",
        "image": "/images/Morning Peak.png",
        "choices": [
          {
            "line": "Use batteries",
            "goto": "MHD_batteries"
          },
          {
            "line": "Use liquified air energy storage (LAES)",
            "goto": "MHD_LAES"
          },
          {
            "line": "Use large hydrogen energy stores",
            "goto": "Hydrogen"
          },
          {
            "line": "Go back",
            "goto": "All Options"
          }
        ]
      },
      "WD": {
        "story": "Wind generation has decreased significantly for the whole of Friday! We could use reserves of energy to help during this time. Which one should we use? Select an energy store.",
        "image": "/images/GB Wind Drought.png",
        "choices": [
          {
            "line": "Use batteries",
            "goto": "WD_batteries"
          },
          {
            "line": "Use liquified air energy storage (LAES)",
            "goto": "WD_LAES"
          },
          {
            "line": "Use large hydrogen energy stores",
            "goto": "Hydrogen"
          },
          {
            "line": "Go back",
            "goto": "All Options"
          }
        ]
      },
      "EUWD": {
        "story": "Wind generation has dropped for GB and across Europe on Friday. This means that imported energy is severely limited. We could use reserves of energy to help during this time. Select an energy store.",
        "image": "/images/EU wind drought.png",
        "choices": [
          {
            "line": "Use batteries",
            "goto": "EUWD_batteries"
          },
          {
            "line": "Use liquified air energy storage (LAES)",
            "goto": "EUWD_LAES"
          },
          {
            "line": "Use large hydrogen energy stores",
            "goto": "Hydrogen"
          },
          {
            "line": "Go back",
            "goto": "All Options"
          }
        ]
      },
      "MHD_batteries": {
        "story": "This helped! Batteries typically have a duration of 0.5 - 4 hours and are a commercially-ready option. This type of energy store would be perfect for this type of stress event.",
        "image": "/images/morning peak with batteries.png",
        "choices": [
          {
            "line": "Go Back",
            "goto": "MHD"
          },
          {
            "line": "Finish!",
            "goto": "Finish"
          }
        ]
      },
      "MHD_LAES": {
        "story": "This helped! Liquified air energy storage has a duration of about 8 hours (and possibly longer depending on how it is operated).  It is a technology-ready option, although not yet commercially mature.",
        "image": "/images/morning peak with LAES.png",
        "choices": [
          {
            "line": "Go Back",
            "goto": "MHD"
          },
          {
            "line": "Finish!",
            "goto": "Finish"
          }
        ]
      },
      "WD_batteries": {
        "story": "Oh no! Batteries typically have a duration of 0.5-4 hours and this stress event is much longer than that. This option didn't really help enough.",
        "image": "/images/wind drought with batteries.png",
        "choices": [
          {
            "line": "Go Back",
            "goto": "WD"
          },
          {
            "line": "Finish!",
            "goto": "Finish"
          }
        ]
      },
      "WD_LAES": {
        "story": "This could help! Liquified air energy storage has a duration of about 8 hours (and possibly longer depending on how it is operated).",
        "image": "/images/wind drought with LAES.png",
        "choices": [
          {
            "line": "Go Back",
            "goto": "WD"
          },
          {
            "line": "Finish!",
            "goto": "Finish"
          }
        ]
      },
      "EUWD_batteries": {
        "story": "Oh no! Batteries typically have a duration of 0.5-4 hours and this stress event is much longer than that. This option didn't really help enough.",
        "image": "/images/Europe wind drought with batteries.png",
        "choices": [
          {
            "line": "Go Back",
            "goto": "EUWD"
          },
          {
            "line": "Finish!",
            "goto": "Finish"
          }
        ]
      },
      "EUWD_LAES": {
        "story": "Probably not! Although LAES is of longer duration than batteries, it might still not have enough energy capacity to cope with longer duration events. Europe-wide events can last for several days and we might need a bigger energy store to help us to cope with this.",
        "image": "/images/europe wind drought with LAES.png",
        "choices": [
          {
            "line": "Go Back",
            "goto": "EUWD"
          },
          {
            "line": "Finish!",
            "goto": "Finish"
          }
        ]
      },
      "Hydrogen": {
        "story": "Sorry, please come back later! Hydrogen energy stores will probably not be available until after 2033 because the salt caverns take a long time to prepare. In the future, hydrogen storage could be a really useful way of coping with long-duration events.",
        "image": "/images/hydrogen.jpg",
        "choices": [
          {
            "line": "Go back to scenario options",
            "goto": "All Options"
          },
          {
            "line": "Finish!",
            "goto": "Finish"
          }
        ]
      },
      "Finish": {
        "story": "Thanks for playing our game! We hope it provided some useful information about resource adequacy and the questions that our team is addressing. Below is more info about our team and what we do and also how you can contact us.",
        "image": "/images/poster.png",
        "choices": [
          {
            "line": "Go back to the begining",
            "goto": "summary"
          }
        ]
      }
    }
  }
}